x1,x2,x3,x4,x5,x6,x7,x8,x9,x10,x11,x12,x13,x14,x15,x16,x17,x18,x19,x20,x21,x22,x23,x24,x25,x26,x27,x28,x29,x30,x31,x32,x33,x34,x35,x36,x37,x38,x39,x40,x41,x42,x43,x44,x45,x46,x47,x48,x49,x50
0.6455789912868282,0.6599873550934687,0.38372216975632534,0.6123854709237797,0.6710867125679754,0.5188950960951839,0.9807525106452344,0.5668469655075647,0.5729017982087485,0.9100341980535014,0.7093137424347797,0.8275976699642347,0.9486320363087661,0.14770216648536105,0.47533583588596695,0.6998271651263741,0.15186850270825603,0.5011091225714142,0.13375417452261007,0.3682012759470097,0.15944286778612704,0.2621545013415483,0.18472191936645466,0.530826900813145,0.3104284304484133,0.8228872612498832,0.3900783903310796,0.7554487484718573,0.044211958158205666,0.23958860276510197,0.10106863912721353,0.49583480823849,0.4649842415751049,0.22094105355321347,0.5742796606376168,0.0970164615458855,0.9149294158113677,0.3032351639124986,0.5540550869916601,0.5222199005847856,0.6614515073686671,0.05984380309514403,0.4098827975536563,0.8469623384785272,0.24970024405514168,0.37357152608128996,0.7437768387015979,0.8352217522881813,0.3691380794866095,0.39720922302019557
0.6519618933916427,0.4819988142401936,0.2966816432146411,0.23951999169055893,0.07730499841302016,0.0856735303954061,0.366991663117327,0.5953652918517938,0.4830224637734256,0.4143855910541793,0.14088468365111462,0.48944984469664565,0.7890291216156817,0.17352306730439251,0.5050917615471395,0.6820825009995336,0.1432153342722761,0.4891074438532236,0.14610650893517893,0.42377206790411215,0.08501211466590862,0.1739088637433277,0.10861902793422616,0.4241009678445236,0.2940051949733425,0.7212086993888982,0.3457758921226046,0.7355330558523538,0.04472735701192908,0.24112711289979474,0.1023669241008866,0.44105385473798425,0.4587220856205519,0.174473239066699,0.6370869627033138,0.089500584601985,0.9564666832457911,0.28932654973749317,0.6127886384071415,0.4720790286902074,0.6377835849456045,0.06625191220717656,0.30189153910820954,0.7491675367579009,0.29042442577981775,0.41648008325926233,0.8195190032017096,0.9643816009798901,0.391924568344829,0.4874957631847371
0.6490998362604341,0.35044367753906813,0.22413542961200691,0.08112891872503432,0.007623241500903935,0.02276269199070576,0.09414733296408165,0.4944540171876956,0.3768634148200484,0.12258824685206766,0.0212526570039636,0.20817977264871465,0.502662766113598,0.19637560212696895,0.5358488009497893,0.6155738808506512,0.11792897316444995,0.4369343481017725,0.15757920897582056,0.4473824592208478,0.04943159402896856,0.10305930991767336,0.0617585897550349,0.31205893056452416,0.24744706620842324,0.49950654064119554,0.29169261324969636,0.7099724234812738,0.04374259302679722,0.2409949428151431,0.10072357710583663,0.36734678513294566,0.3769204320663007,0.12280316219302918,0.6422671510858078,0.08194588833950388,0.9625705583370142,0.26626956640147126,0.6660456059915673,0.4324003370755864,0.5759974873652428,0.07275618737133781,0.20110578452904954,0.614176285766597,0.3033536434409057,0.4504699407050011,0.8982174451154186,1.0839404943679403,0.408801164848328,0.5119534800542475
0.6461642810248784,0.2686920438419556,0.17653402665395693,0.03164680275636795,0.0015531795608071954,0.011360942964967015,0.024675270826455563,0.3511268540037863,0.28499252185957746,0.027167976394764846,0.004780126377647446,0.07828157836878843,0.2930939717127198,0.20955812623317602,0.5681200636745788,0.5070513326283898,0.08939542215635982,0.3640957268565997,0.16617915313101314,0.43647874599311753,0.032836414769207414,0.06316632753247695,0.03472565047928832,0.21492592362655286,0.18610698667299974,0.3146422631488372,0.2326799329402964,0.679226546252319,0.04090218983918507,0.23888546551551573,0.0958108623248863,0.29003764595111076,0.28561564958690605,0.08116124918478332,0.5953127202411883,0.07421158462847804,0.9212460626000732,0.235359656198877,0.7065035023552171,0.4009412839051859,0.5068744048670283,0.0784860970777262,0.11745882561169887,0.4587404857365862,0.2947744515337866,0.46796018128373146,0.9723676114794898,1.1740549883479403,0.4179351667259045,0.46681795548012683
0.6470067198669803,0.22264468830463982,0.14930248662049408,0.015639056697333367,0.0005845740856594542,0.007830232846230188,0.008706883592316505,0.23862242834175323,0.21879274789539535,0.0063405603067099555,0.0016885887932985297,0.030797554606843722,0.16626438551802653,0.21066103333452196,0.6026508119557251,0.3938280420702434,0.06551258749387823,0.2893265826579981,0.1703358274645567,0.4026368198921676,0.025055892943421275,0.04126078799099222,0.019918875458173845,0.14230725136039477,0.12950222332570266,0.1915376564253259,0.17770831330903253,0.6457267238871116,0.03658039274700197,0.23533286350468957,0.08810789067623179,0.2200919548294585,0.2082886299351898,0.052194393970860155,0.5188809916535638,0.06631072056099863,0.8370251982758311,0.20046336692564448,0.7313622159482883,0.37603082186437925,0.44794678844483427,0.08261715968876078,0.059190382989751135,0.31044357141421075,0.2747537451558564,0.46666136789355506,1.0346422231173447,1.21491956746185,0.41857234726718456,0.40257199696755613
0.6517897478013625,0.19916879326169648,0.1358425892645366,0.009660301815818255,0.00032999643806556764,0.006324383871633466,0.004097328584525446,0.16271242484649,0.175081062021257,0.0017877256299117894,0.0008408747454304624,0.013646398662646095,0.09491948213977904,0.20177520549831265,0.6393714342852477,0.2977465240729945,0.04735741199118829,0.22314628175659385,0.16934005627167986,0.35813933130403447,0.021492816313812547,0.028568099766588185,0.012009388739497067,0.0930139090756685,0.08678591783789646,0.115687299008662,0.13271452440869552,0.612245993400852,0.03151683408794616,0.231239020080037,0.07860396503231513,0.16221880202482633,0.14829707205979165,0.0334444663766888,0.433055327147402,0.058402056773575566,0.7257477859553335,0.16559391243027305,0.7408163961682915,0.3555778735739779,0.4025323180913235,0.08467103179175414,0.026316606507723057,0.1935404005936026,0.24995471844089706,0.4491604643945309,1.0785786152376946,1.1989841706415048,0.411206462486373,0.34249899627808966
0.659607336088521,0.19002741048087857,0.13158484688287164,0.0071497341196070235,0.00024039501562578145,0.00561217596098008,0.002407054491710803,0.11306853420889797,0.14751391726915597,0.0006174625026094915,0.0005330912960827765,0.006849130262641328,0.055697621032184966,0.1869755160699347,0.6773647321317026,0.22264421230042578,0.0340421374283975,0.16950680475909594,0.16347001327825345,0.31143181563229405,0.02015820708099331,0.020702444690525953,0.007778953055250814,0.06129346060823693,0.057812686713017127,0.0706386005938922,0.09893546377143332,0.5810808779715428,0.026426645121659653,0.227531652164587,0.06845097041088238,0.11709284227446887,0.10382628717332601,0.021667800903210313,0.35058238472803865,0.05074007049042383,0.6059811429015262,0.13361084838732798,0.7369029175009836,0.3369710856263368,0.36787477123299267,0.0845726868594987,0.010986254642397211,0.11538251166396789,0.2240321479779858,0.42064514579250445,1.099742169595312,1.1368354260718179,0.3971868623184939,0.29045125811592615
0.669567665285115,0.19056588542789885,0.1338638242955411,0.006070836446144836,0.00020573268972293935,0.0053199576523949394,0.0016682181449086527,0.08041532761340255,0.13093164751442518,0.0002573410171816853,0.0003994849466288578,0.0038268905727922822,0.033927054621185906,0.16976040292684658,0.715306396622253,0.1659587697630018,0.02444944464148824,0.12844299923924163,0.153774290362715,0.26722508624038066,0.02018135635112784,0.01551876821953628,0.005468013653548392,0.04126581149219628,0.039038936093624375,0.044123285178575535,0.07471890424826581,0.5537536484680312,0.02177603045927779,0.22496221463488997,0.05865705308296472,0.08336948437239129,0.07189537153450455,0.01431559524737069,0.27800560835902915,0.043596580352801124,0.4921728193009444,0.1060126105111269,0.7224897891054529,0.31817172526696835,0.34048857713119807,0.08256752202651707,0.004623514856118594,0.06847945857984879,0.19892414088532262,0.38631897163434525,1.096670005963273,1.0481235114365985,0.3781831359183641,0.24609168959906716
0.680997146190626,0.19819374552897384,0.1412098328398419,0.00570131465708918,0.00019540288638890995,0.0053035557300324734,0.001308292111738672,0.05851820117857593,0.1218971437337502,0.00012651841034805195,0.0003366098762646525,0.002330949356618899,0.02149774704038195,0.15228752218421945,0.7518984630353024,0.12391878348824893,0.017611867716470973,0.09813555120868137,0.14164327505665633,0.22764153709900808,0.02118107309626748,0.011925952638577039,0.00416940023066352,0.02855937062800844,0.02697644402425503,0.028347138099801435,0.057633904714388944,0.5310480894836317,0.017769225257904014,0.22404196138589114,0.04990698049177423,0.05893688671127555,0.049512605235201644,0.009693406328305077,0.2176427382611483,0.037186184528238644,0.3924437904184609,0.08322798996026108,0.7005309079052646,0.29833426663764573,0.3179432910748009,0.07908336275344341,0.002063822183408975,0.041611710771395825,0.17558879168953648,0.35007640078158425,1.070973832696332,0.9496979883012521,0.3558202753482172,0.20844507924934233
0.6933935733948979,0.21144038418360137,0.15283683699712944,0.005756819147758081,0.00019893290793662394,0.005501740333168673,0.0011266566666631554,0.04347761464717072,0.11828756357596512,7.171514673299948e-5,0.00030856072236111877,0.0015190759566671998,0.014140566841017875,0.1356560544619097,0.7861112801789938,0.09301597038737906,0.01276513498222564,0.07623958613579876,0.12840215607477562,0.19329941906438178,0.023008298297367374,0.009336257084846575,0.0034253689063884502,0.02034541883742457,0.019131451576935393,0.018747738301460565,0.04554297449202582,0.5131952530970367,0.014435084130335923,0.22506932602209284,0.04253241198337842,0.041614445408879874,0.034088286738806865,0.006747468201577254,0.16930794523355078,0.031625522959470506,0.3096132536872945,0.06500397496013337,0.6736498331453478,0.2775517140321879,0.29886313863790775,0.07459430883098966,0.001002301323842391,0.02625269378336058,0.15442745661612017,0.31437234065022035,1.0265762169902937,0.8517757958267164,0.3315064454364767,0.176537292339977
0.7063600109664997,0.22942808119139074,0.1683365526563248,0.006121016787953621,0.0002124100545571049,0.005891565437698844,0.001042371191909753,0.03289065940789614,0.11884314226730246,4.589278473668259e-5,0.0003009679365771383,0.0010433316656208679,0.009618596055173564,0.12033938707960964,0.8172621318567592,0.0703642237463594,0.00933281199690788,0.06058456581490872,0.11507839403659413,0.16404836224470548,0.025638477365014383,0.007413254014981915,0.0030035776323702797,0.01490040384877302,0.0139161359713569,0.01274327829340491,0.03686837455184516,0.500075382006825,0.011714508076440006,0.22819097345062087,0.036587265279450804,0.029496241309107423,0.02356790837254261,0.004837683526925262,0.1315653648688364,0.02693278660225281,0.2431781959123521,0.050738763242708894,0.6439760610132496,0.25634609383026213,0.28251907787073216,0.06952704110982526,0.0005339128445617798,0.017274104198500558,0.1355339667399382,0.280573014035447,0.9685221514700606,0.7594022429950589,0.3063793229694702,0.14950621319922577
0.7195653401637343,0.2515747201689345,0.187495558319075,0.006751851039819755,0.00023456038940654898,0.006471884694453504,0.0010195207264832014,0.02526511393825934,0.1228464817414678,3.254062782412792e-5,0.00030762946799598633,0.0007463720576190319,0.006737310503117362,0.10648432928683475,0.8449990843373794,0.0537298964101556,0.006894668572326459,0.04943397209914853,0.10234882738674433,0.13939829528028336,0.029125547741292918,0.005952864483114275,0.0027839185052544093,0.011192664159316244,0.0103595109228812,0.00887807458166926,0.030527397734213837,0.491377044353938,0.009516963505270554,0.23346012908954247,0.03195912470550068,0.02107084573841143,0.01642087301090801,0.0035765195808659753,0.10254549559726003,0.023053379755819628,0.19103013910270789,0.03971887388253823,0.6131332885514388,0.23530648081494748,0.2685158871021973,0.06421860343129535,0.00031158153766561614,0.011848630944316091,0.11883911601234638,0.24934143632131026,0.9018844899666174,0.674637384155974,0.28131108409438504,0.12661088781755928
0.7327262021559942,0.27741774449041273,0.2101778186038303,0.007645752170821067,0.0002654235317195432,0.007256632428105612,0.0010415841898718037,0.01965817084481784,0.12991940725804435,2.5157371987852823e-5,0.00032595986221106645,0.0005512385716652517,0.004840269720107949,0.09407830157045773,0.8692416705984152,0.041449500992512,0.005152143044336698,0.04150330480990529,0.09059177399555321,0.11874819002558507,0.03358282522627165,0.004824743496688954,0.0027035997628342906,0.008601751858984014,0.007871274985622954,0.006321111392575864,0.025796967368371924,0.4867018554463518,0.007749515138133771,0.24087784571932877,0.028465293628625776,0.015214828118202565,0.011559744642701887,0.0027279006534056557,0.08040962255858708,0.019892424230033044,0.15057875362173515,0.03126058271568834,0.5823010457002238,0.21492127132605754,0.2566213351129748,0.05891147594478339,0.00019806796380169512,0.008449187967454036,0.10419286651917663,0.22092107003052677,0.8310568608198656,0.5980189329174641,0.25693883374315535,0.10722033492928434
0.7455987787241051,0.3065038600184875,0.23624134713358363,0.008822592267298257,0.00030584585425709194,0.008272043469278673,0.0011014380702698843,0.015460422272251037,0.13989459691810863,2.0924984221470503e-5,0.00035521833120019,0.0004175593562345574,0.003554088062666563,0.08303624303148699,0.8901075265949314,0.03231331808819382,0.003896467483250866,0.03588535735130858,0.0799712316098096,0.10149953375507381,0.03917542057384655,0.003941781886850994,0.002730412234974428,0.006748200832056609,0.006088255235152394,0.00458656045334993,0.022196442139573835,0.48562696912173675,0.006329042750430379,0.25041738462319996,0.02591553901033871,0.011127080612247165,0.008235034265199769,0.002146660534128098,0.0635645548764748,0.017341724796554204,0.11935163799500757,0.02477617853171012,0.5523005727623203,0.19553307690884572,0.24668317906758566,0.05376712425978783,0.00013628012644529227,0.006242445861889535,0.09141057351535131,0.19531768354905255,0.7594602384945546,0.5293593331164019,0.23370357333359046,0.09079875995002627
0.7579763293434741,0.33832203422024865,0.26547538850236574,0.010319884293745835,0.00035731812174266957,0.009556017817153956,0.0011971886669942934,0.012268015732738169,0.15273302546187578,1.8503356885177242e-5,0.00039579404973041937,0.00032277342707840784,0.0026588371235759306,0.07324417605094437,0.9078428912128967,0.025453054580204307,0.002982927189820752,0.03195220996931619,0.07051644477606979,0.08710684615957619,0.046119618172503284,0.003243481079234287,0.002849646147519528,0.005393843357476361,0.004782012955065398,0.00338288571788113,0.019402658587182948,0.4877342357503751,0.005185869112445032,0.2620336208437319,0.024143055385811116,0.00825230553295654,0.005942259204859562,0.001741859625009099,0.050724474443419466,0.015296921533319928,0.09524432761489518,0.019792020426430912,0.5236794863536873,0.17735037559973135,0.23859100081246457,0.04888524112227926,0.00010057765073658214,0.004760063707722557,0.08029878948002406,0.17240981138621778,0.6895367205349784,0.4681504441455746,0.21189048357753898,0.07689196882241446
0.7696864136255849,0.37226841577140013,0.2975558638761743,0.01219001244738802,0.00042191806946151073,0.011158332934684913,0.0013302865555739484,0.009807757862938641,0.16846524560039275,1.7231134888062137e-5,0.00044888457374086827,0.0002537185423248474,0.002021390351066434,0.06458037281548666,0.9227660057740347,0.020250099639880368,0.0023115874997640504,0.02927924217079017,0.062177779110439375,0.07509489420143897,0.054683178254125754,0.002686682122752072,0.003057677893496206,0.004386644652035923,0.0038062953345566067,0.0025307919749358674,0.017196567262460077,0.4926243862763135,0.0042634282978403935,0.2756651338188648,0.02301598683382357,0.006211187481292213,0.004344378961848501,0.0014563438168873686,0.040894271910307936,0.013665992472151002,0.07656942756087368,0.015940816988567162,0.4967807451762849,0.16047634836756225,0.23225934729942072,0.04432087547012071,7.914493633663453e-5,0.0037340586414873465,0.07066864080239948,0.15201130254248055,0.6228918135973318,0.4137579591841209,0.19166350451064953,0.0651149267319144
0.7805894126025779,0.4076386370495262,0.3320154602270042,0.014500100781580962,0.000502369060078716,0.013141887062340388,0.0015047447679906148,0.007890083070024536,0.1871457020319292,1.6759336195348826e-5,0.0005164020993750054,0.0002022614752999313,0.0015582308513364732,0.05692612625665221,0.9352216416372523,0.01626296330126319,0.001813156159657446,0.027579585078814653,0.05486776236947714,0.06506013069171322,0.06518769313055314,0.0022397240153933305,0.0033588909548328168,0.003626100276843144,0.003064561376948957,0.001916885500475914,0.015425916737065658,0.49991773902251774,0.0035166523345386857,0.2912291639941951,0.022437183393187468,0.004746386531315954,0.003218310104712231,0.0012530075502859895,0.033321713879998306,0.012371937187971733,0.06202234046188927,0.012944285173122369,0.4718008303611604,0.1449394237590816,0.2276189587905357,0.04009908460740516,6.588780358949672e-5,0.0030034498109340743,0.06234311438259545,0.1339102283671921,0.5604831593176276,0.36552408066747777,0.17309732043153445,0.05514177362642735
0.7905755379434481,0.4436440649264484,0.368237067771505,0.017331633854918104,0.0006020959890257228,0.01558399007338328,0.0017267716700755224,0.006380589121431902,0.20881026881955345,1.6907306483841397e-5,0.0006009408472838423,0.00016321775516469405,0.0012155925487300258,0.050170196766637226,0.9455542527190927,0.0131755887801158,0.00143938383119504,0.02666553504014959,0.04848293237439652,0.05666509618832088,0.07800703414384094,0.001878996708874457,0.0037642331762879513,0.0030449800055111107,0.0024918796321117195,0.0014674087433098068,0.013983712228261034,0.5092542241559891,0.002909826993109716,0.30861654707463626,0.022341202887774782,0.0036833519271213437,0.0024147154419021065,0.0011078521031326015,0.027446607901207648,0.011352672021750585,0.05061164191686625,0.01059400101832123,0.4488299871725444,0.1307178184933046,0.22461429447076667,0.0362248449636447,5.7687982675684116e-5,0.002470325945008853,0.055160114071749075,0.11788861227611341,0.502795767788847,0.3228101387361486,0.15620096577783038,0.046695825323178904
0.7995618520209754,0.47944601770754486,0.4054648184526565,0.020781378506394346,0.0007253678197980863,0.018578300637917402,0.0020048264073823977,0.0051831110454307,0.23344306846473964,1.7590271464994807e-5,0.0007058490769183078,0.00013316921743787498,0.0009583329711639376,0.04421102250161304,0.9540840704700765,0.010761576261871252,0.001156537000214234,0.0264180088354115,0.042918571391051374,0.04962963519664462,0.09356433310617607,0.0015866493067986285,0.0042911407072468155,0.0025970367396489164,0.002043808068316091,0.001134117307660669,0.012793324902327846,0.5202895987289913,0.0024149605808384,0.3276844584148885,0.022689124651001022,0.0029036516360719422,0.0018350128738940335,0.0010048902962860823,0.022854073409771594,0.010559018891894829,0.04159550394087353,0.008735467360720494,0.427884272103709,0.11775772554632076,0.22320047833079634,0.03269051741943705,5.282021224362903e-5,0.00207273988588611,0.048973311802324226,0.10373521302947214,0.449984935542065,0.2850212423911968,0.14093791590121416,0.039543916159399395
0.8074888470745483,0.5142070480787874,0.4428458630897746,0.02496071972695069,0.0008774390135277578,0.022236655521667238,0.002349721087338826,0.004226045481104882,0.260935034928668,1.877872814057499e-5,0.0008353139788059931,0.00010975435794155342,0.0007622883569914746,0.03895677738085773,0.9611034568409509,0.008854905489170917,0.0009405347732670015,0.026767425186465018,0.03807550892238901,0.043721803531122996,0.11231677402981402,0.0013489124015956273,0.004963897900610816,0.002249760689437117,0.0016887431778246846,0.0008836160478580077,0.011798416568124477,0.532693633998427,0.002009803651223619,0.3482519710103227,0.023464417309241797,0.0023254109262228376,0.0014113530872862793,0.0009333374696131446,0.019235330634137748,0.00995266463811501,0.0344133201996493,0.0072527254839979596,0.40892952601397636,0.10598764932919606,0.22334429441718548,0.02948106118501044,5.030385002476293e-5,0.0017701412708849697,0.04365213285193555,0.09125100183633017,0.4019961432036534,0.2516116145716743,0.1272416145548721,0.033487167357675415
0.8143168122804266,0.5471338143103138,0.4794727147324845,0.029995537467562103,0.0010647112581830477,0.02669067229110482,0.0027748804420131153,0.0034568638500339973,0.2910618035098562,2.0485877327609786e-5,0.0009944735154437574,9.13522981662506e-5,0.0006111924867599767,0.03432541189109553,0.9668676393678655,0.007335738373073751,0.0007744165463260519,0.027683039391799186,0.03386333603214303,0.03875059134871195,0.13474016981163517,0.0011552145345510767,0.005814516417250836,0.001980387749546774,0.0014044866917507818,0.0006934509318393575,0.010957775272489577,0.5461497428461886,0.0016769472764369224,0.3700973297184234,0.024670200558844058,0.0018928963620346271,0.0010985503603161704,0.0008859920726469765,0.01636309230722283,0.009504274839281741,0.02864920819953587,0.006060213578733531,0.39189563224841223,0.09532580234802585,0.22502295370867403,0.026576904841925056,4.961584799193069e-5,0.0015361674984636644,0.03908083137594154,0.08025235983829918,0.35863173400959053,0.2220882079534976,0.11502515306516435,0.02835808350265586
0.8200210871622963,0.5775282349410376,0.5144549862236824,0.036023445938623375,0.0012950065108286693,0.032093319338473474,0.003296805181847043,0.0028357491508069098,0.32346154760812296,2.2756207940061366e-5,0.0011896149819744033,7.678291102196935e-5,0.000493510438380606,0.030243971804996942,0.9715934487496578,0.006114919695251038,0.0006457766189417954,0.029163515053883544,0.030201880971537986,0.03455731691350944,0.16128558243965543,0.0009972324572204354,0.006884628434425573,0.0017722565294009483,0.0011747417354094779,0.0005477802005910767,0.010240126316687586,0.5603562902139126,0.0014025965238239203,0.3929594840040014,0.026326782562276437,0.0015664787230128955,0.0008651716674351103,0.0008578442102779014,0.014065894662078455,0.009191381406189188,0.023988534242169936,0.005093381410450633,0.3766911600219597,0.08568748994829668,0.22822398235959712,0.023956660779857863,5.047554175575031e-5,0.00135249663404702,0.03515712708185206,0.07057252043772579,0.3196195753720597,0.1960091882688938,0.10419112421800583,0.024015068902196093
0.8245907092583352,0.6048116228971205,0.5469699894445711,0.043188685684323096,0.0015777541715383664,0.038618473024700756,0.003935416413954501,0.0023317911647648356,0.35762953401346304,2.5660565593955292e-5,0.0014283274984473462,6.518706225069075e-5,0.0004008942450468881,0.02664743358074651,0.975470203568205,0.0051255098550294295,0.0005456414206793706,0.03123309855057208,0.027020877101542454,0.03101089016164785,0.19233136191761332,0.0008684466250330032,0.008227345555250907,0.0016133750077005952,0.0009873875501438347,0.0004350777276021611,0.009621614176012282,0.5750273636865397,0.001175675819644007,0.4165429554899597,0.028470477276848823,0.0013185043576784807,0.0006891535697579219,0.0008454668481702357,0.012215351415445922,0.008997181281889663,0.02019167826688511,0.004303207114839503,0.36321159694005895,0.07698820967062714,0.23294689419996548,0.021598278107057264,5.276920417941645e-5,0.0012064819897868516,0.03179150089844633,0.06206027462399594,0.28464519227133683,0.17297790772261404,0.09463624298326904,0.02033687934214368
0.8280230570777949,0.6285422323216685,0.5763088242669249,0.051637708149557586,0.0019242603292660351,0.046461199649783916,0.004714527906485882,0.0019215942292764064,0.39292728033168,2.92971119125275e-5,0.0017196922389374654,5.5936130961142126e-5,0.0003274514096029767,0.02347850107032767,0.9786525398738223,0.0043179811004387045,0.0004674920035853143,0.03393910276243906,0.02425959269489594,0.028002761696275885,0.22812977696281592,0.0007637483523177811,0.009909345646033529,0.0014951031754862664,0.0008335230546409915,0.0003472945526560336,0.009084098746563359,0.589897350506679,0.0009874730778560573,0.4405246762294334,0.031153301063182266,0.0011294630347490316,0.000555342950679052,0.0008465660995349177,0.010715124704988662,0.008909428260534516,0.017078928364826405,0.003652984868787121,0.35134480069691176,0.06914610845730976,0.23920172920921634,0.019479959947226514,5.651447372826297e-5,0.0010893467077367955,0.02890572441457624,0.05458059041913002,0.2533764711811076,0.15264274812542836,0.08625531484216531,0.01722192954827686
0.830319935338083,0.6484105106763052,0.6019087596086663,0.06150516882053587,0.0023481273184902413,0.05583360338736253,0.0056625802706895675,0.001586939749039783,0.42862041035163173,3.3792133539749264e-5,0.0020745976269282125,4.8548029499282144e-5,0.0002688230624796666,0.02068667160195221,0.9812653776608933,0.0036545204613652313,0.00040640441737385127,0.037350435385025575,0.021865689789658856,0.025442103560100935,0.2687172094407094,0.0006790523124433254,0.012015106695395215,0.001411065241187146,0.0007063568145519575,0.0002785489867593734,0.008613366197220291,0.6047251254247697,0.0008310249285274903,0.46456849708035125,0.03444298430096593,0.0009849651609659738,0.0004527637111564379,0.0008595847475647226,0.009490898907308573,0.008919356968088077,0.014511838197600251,0.0031144626008452253,0.34097677214481875,0.06208390460736406,0.2470089197541473,0.017580874333906805,6.183085126745846e-5,0.0009946623666561509,0.02643151211781895,0.04801337859343104,0.22548509582746262,0.13469225599025314,0.07894435539899426,0.014584715791868107
0.8314880501384615,0.6642192157409703,0.6233527875622523,0.07289603633918791,0.0028654798355219786,0.06695581901967151,0.006813045501910687,0.0013130708417079743,0.46392463239859344,3.9300638098840754e-5,0.002505939390669273,4.2655391429892226e-5,0.00022166448835988278,0.01822697789766227,0.9834172346757658,0.003105585815453139,0.00035871118639004804,0.04155796523493342,0.019794322853203556,0.023253215430407995,0.3138490529750372,0.0006111316469522078,0.014650802737658146,0.0013566605020294792,0.0006005686649184873,0.00022430784826508603,0.008198145054418791,0.6192948801399828,0.0007006110275789795,0.48833859722176903,0.03842316692287283,0.0008745639406843176,0.0003734151996098615,0.0008834792221141905,0.00848535792430527,0.009021036792372848,0.01238159712943537,0.002665434980343389,0.3319962185012453,0.05572906090230428,0.25640031969030636,0.015881365503328332,6.893267929025906e-5,0.0009176939879485027,0.024309922969138305,0.04225107655497123,0.2006535113437787,0.1188479049945419,0.07260221912347044,0.012351412736234583
0.8315355768702436,0.675867460041404,0.6403625458938756,0.08587182632272149,0.003495153394720683,0.08004772450016431,0.00820467213925648,0.0010884221191053756,0.4980421175756691,4.600842128169757e-5,0.0030287590324421677,3.798459478323153e-5,0.00018351339742646706,0.016059771169419763,0.9851977153590281,0.002648762915056047,0.00032174895830097493,0.04667458982539993,0.01800754477040894,0.02137354307793152,0.3629784725673383,0.0005574958726270606,0.017947217570867886,0.0013287953480340042,0.0005121090595025291,0.0001812544055924614,0.00782969460383334,0.6334188027009519,0.0005916486210657484,0.5115088637992481,0.0431936522081583,0.0007908799970134467,0.0003117026528006528,0.0009176262275055224,0.007655179710751591,0.009211034549776363,0.010605051253763823,0.002288918680955864,0.32429585596009625,0.05001411635910161,0.26741777927061705,0.01436308979624713,7.81380194772292e-5,0.0008550703437157321,0.02249048788826419,0.03719839068585807,0.17857946990832693,0.10486302170822799,0.06713163736147021,0.010459542063571903
0.8304678702114168,0.6833197273861119,0.6527843050330546,0.10042651815501857,0.004259405656302643,0.0953208020740495,0.009882675237741239,0.0009040446008645328,0.5302369544946641,5.4138202824322525e-5,0.003660742248645197,3.432101497815051e-5,0.00015253337194096408,0.014150556271297627,0.9866728882952567,0.002266799451515933,0.0002934605192611227,0.052836265962624904,0.01647313067865606,0.01975070002990203,0.4151754602704064,0.000516192071410927,0.02206654085191302,0.001325405331978364,0.0004378491579331766,0.00014699388955331352,0.007501102267194352,0.6469427004889337,0.0005005054103118395,0.53378128453448,0.04887162746529139,0.0007282932439701456,0.00026342450659732567,0.0009616987167218963,0.006966342442428743,0.009487870330088284,0.009117584368642764,0.0019717407143244434,0.31777389010900603,0.04487757829209184,0.2801118907135295,0.013009209294374907,8.987486392317546e-5,0.0008042539322748783,0.02092991167201989,0.0327720137973735,0.1589845146746337,0.09252216451223337,0.062439697582343294,0.008857779869513149
0.8282882346348754,0.6865677123550735,0.6605356841619913,0.11644392136114308,0.005183991200264182,0.11293827747524962,0.011898445237464094,0.0007525456885149985,0.5598806955153202,6.395171861145978e-5,0.004422325990985173,3.149671030359891e-5,0.00012726353634995877,0.012468658059838506,0.9878989247232299,0.0019458022972757747,0.0002722640189579742,0.06020140029258627,0.015163821167781697,0.018340766157533116,0.4692636315487175,0.000485723678533589,0.02721053610467834,0.001345284876857104,0.00037525124223741383,0.00011962509104519658,0.007206778399646646,0.6597419593128587,0.00042415563730701706,0.5548964124943021,0.055590520123080425,0.0006825589630130364,0.00022538474363157144,0.0010155088562607173,0.006391837855826371,0.0098516725457306,0.007866978748991808,0.001703241068025795,0.3123371427161739,0.040262962629027926,0.29453865204952984,0.011804281753909806,0.00010472328590708477,0.0007633022432551047,0.019591245795609665,0.028897818079435436,0.14161164264499063,0.08163316381613922,0.05843962347476854,0.007501870923281684
0.8249971264154088,0.6856183172179062,0.663589896254813,0.13368440375869642,0.006298105869977729,0.1330014460955575,0.014309287455312153,0.0006278346197488316,0.5864666210561695,7.574994340456146e-5,0.005336676390844899,2.9384503283548163e-5,0.00010655275203486737,0.010986808143126577,0.9889250901873408,0.001674674605583364,0.0002569807645979028,0.06895030568359212,0.01405706851435783,0.017107480710532183,0.5238676912408403,0.00046501153591622566,0.03362267584045451,0.0013880236320370708,0.0003222689118428882,9.76424024067923e-5,0.006942284668366359,0.6717205937053691,0.00036008593587929166,0.5746368741174871,0.06349946356443144,0.000650568037424082,0.00019523995210566497,0.0010789493135992749,0.005910637268166123,0.010304043887698754,0.006811536212845163,0.0014748625392576758,0.30790211613656704,0.036118493008481335,0.3107578737972426,0.010734250014536508,0.00012343184222270167,0.0007307687846833292,0.018443480576433236,0.02551007205584137,0.1262249342506529,0.07202467974249231,0.0550516687051709,0.0063534992579551515
0.8205899471838217,0.6804777675931231,0.661955049892747,0.1517696468871856,0.007634317489616563,0.1555275337713456,0.01717772574688026,0.0005250764349297092,0.6096276896095483,8.987368427087996e-5,0.0064296263520592185,2.7890335537341448e-5,8.952425365667625e-5,0.00968104751959037,0.9897905327080956,0.0014447325331706517,0.0002467374461023074,0.07927969490410038,0.013134487118052953,0.01602100093868904,0.577518151622493,0.0004533594016442109,0.041591357508167684,0.0014539173225995264,0.0002772863321672716,7.991823489433825e-5,0.006704161741940831,0.682810904819664,0.000306264289273226,0.592831507009482,0.07276058220994532,0.0006300764551371891,0.00017126622275506038,0.0011519161799209744,0.0055064435989087175,0.010847903493529194,0.005918546023313598,0.0012798597083558529,0.30439480000081887,0.032397120073762345,0.32882684910794535,0.009786394037403851,0.0001469606390785807,0.0007056059722914563,0.017460666608625514,0.022551209130605238,0.11261026776249627,0.06354569026886267,0.0522033536402754,0.005380428935675141
0.8150587221692378,0.6711222680412638,0.6556311199820585,0.1701293743602023,0.009229916596745477,0.18040572106236463,0.020573563173375,0.0004404435696101908,0.6291636999363805,0.00010671712162422873,0.0077306420050168795,2.6943473065861643e-5,7.54980617549287e-5,0.008530700641489676,0.9905220147208389,0.0012491245385325609,0.0002408493001016227,0.09140976233392296,0.012381301343688502,0.01505675867747848,0.6288538818080558,0.0004503732643802196,0.05147046617348768,0.001543759517374364,0.00023901914722937787,6.561811399115538e-5,0.006489697045498872,0.6929735051069068,0.0002610547123751784,0.6093631554510305,0.08355134605140967,0.0006194005351623767,0.00015209576491829883,0.001234273544807919,0.005166230728738768,0.011487305376232533,0.00516170709585013,0.0011128662983405102,0.30175107994675343,0.029056797230991645,0.34879935166705517,0.008949238091700633,0.00017650759322580345,0.0006870382819706033,0.016621115528714946,0.019971138442699956,0.1005759609457241,0.05606544494682103,0.04982995946573279,0.004556626302798956
0.8083919521753278,0.6575105568779056,0.6446118443453335,0.18805063252057183,0.011124684200218744,0.20737417709253508,0.02456785781361342,0.0003707113181734948,0.6449854575879522,0.00012671416879638764,0.009271240142483584,2.6491976223119758e-5,6.391566724059626e-5,0.007517336279553752,0.99114277108241,0.0010821656347864384,0.0002387564332837969,0.10554712155353525,0.011786035162655927,0.014194330284050092,0.6767641442765964,0.00045597118714358747,0.06366691753517856,0.0016589206294386118,0.00020639148905258743,5.405735609556086e-5,0.006296719817276881,0.7021880931191129,0.00022306898945104555,0.6241555163196106,0.09604886179902293,0.0006173259471746938,0.00013665329163362372,0.0013255569762857051,0.004879394709946257,0.012227294114946552,0.00451918347423695,0.0009694081273633775,0.2999176581862547,0.02605922456397468,0.37070191598390323,0.00821236227024778,0.00021366748170740643,0.0006744981756625153,0.015906398344102506,0.01772536058660966,0.08994820290355213,0.049467138218042425,0.04787591543087815,0.003859490613389708
0.8005733931139905,0.6395859956455712,0.6288849002264636,0.20469326055343046,0.013360085543135058,0.23601394159018743,0.029230837241219998,0.00031318945490228035,0.6571036425796447,0.00015033297320262475,0.011084409726408893,2.650039877470076e-5,5.432245127227661e-5,0.006624487196452423,0.991673754042408,0.0009391345395224124,0.0002399914777667145,0.12187252231659645,0.011340322338518389,0.013416886957559843,0.720426463267892,0.0004703868445457129,0.07863518474690628,0.0018013697026465893,0.00017850098181437118,4.4675764438575356e-5,0.006123526974796225,0.7104511250467044,0.0001911349331612166,0.6371702225335955,0.11042463491527492,0.0006230350276314318,0.00012409702847925166,0.0014248791376084925,0.004637326726307376,0.013073841497325217,0.003973010801850782,0.000845751930982478,0.2988521197097378,0.02336950766790262,0.3945258841527259,0.007566355876771144,0.0002604819118047304,0.0006675957736027375,0.015300906674996242,0.015774556001252396,0.08057013565173662,0.04364621418246555,0.046295130649526776,0.0032692304574809244
0.7915859671610298,0.6172958266476974,0.608450027654402,0.21911308276068797,0.015978593048216406,0.26575878749019644,0.034630227890072814,0.0002657108137880128,0.6656261473000616,0.0001780711169105658,0.013204113035957497,2.6948779917102675e-5,4.636331461818625e-5,0.005837624173439175,0.9921328661383223,0.0008162315115782566,0.0002441644599485361,0.1405255914681578,0.011038774482762472,0.012710957184660664,0.7593212711458615,0.0004941759227045239,0.09686472500722522,0.0019736357279083166,0.00015461249189207638,3.733727753622521e-5,0.0059688307521888,0.7177745767261745,0.00016429163202736691,0.6484045149115528,0.1268388994741385,0.0006360827267136832,0.00011379291193002242,0.0015308803840687764,0.004433252033169861,0.014033787877902089,0.0035088690949529582,0.0007388718700889947,0.2985222770129021,0.02095611345427174,0.42022053432156664,0.007002744319556889,0.00031950255047536553,0.0006661084499378541,0.014791635440605163,0.014084441856233343,0.07230156325443472,0.03851021532222851,0.04505038613845238,0.0027689170686288813
0.781415437844458,0.5905885165969026,0.5833013451094871,0.23032821600040948,0.01902285645831801,0.29587871726975645,0.04082680827693161,0.0002265302384409231,0.6707133469877962,0.0002104561597778383,0.01566462587918681,2.7827026862669176e-5,3.9753743646856676e-5,0.005144231974449162,0.9925311549264199,0.0007103905003774102,0.0002508485077511411,0.16156098179282813,0.010878861818898713,0.012065568114385139,0.7933066399905416,0.00052817925953822,0.11889296796068154,0.0021787475619521064,0.0001341277725820071,3.165134966179737e-5,0.0058316320180120205,0.7241812854748724,0.00014174975023868936,0.6578818291454585,0.14542534098011062,0.0006563123837422961,0.0001052020655856973,0.001641391395338942,0.004261471395420268,0.015114751025254567,0.0031148295337152013,0.0006463015650904024,0.2989059593718061,0.018791017215062933,0.4476644899739196,0.006513791853895941,0.0003939429953226173,0.0006699376168269793,0.014367250296109023,0.012625070826132012,0.06501738245784436,0.03397926961361588,0.044113496218186554,0.0023450571882266736
0.770049272436671,0.5594507140460164,0.5534634775385118,0.23743795162543108,0.0225327972696492,0.3255421172787843,0.04786729150676178,0.00019418671431958224,0.6725493085724782,0.0002480292060758309,0.018498438694010327,2.9131963745364745e-5,3.425888572420394e-5,0.004533388376974208,0.9928771921122403,0.0006190888340460774,0.0002595223149155357,0.18486864471411105,0.0108606379334466,0.011471944717205959,0.8224720791128409,0.0005735199043019158,0.14525534908834103,0.0024204288071045946,0.00011654759312618264,2.6211280896543978e-5,0.005711133592609217,0.7297010945002396,0.00012283742332309515,0.6656433098549925,0.1662727831907251,0.0006838857271078886,9.789418065448799e-5,0.0017532355381503844,0.0041172080368793405,0.016325078687286512,0.002780875050463729,0.0005659967391961233,0.29999094917872854,0.016849154674399618,0.476648979081247,0.0060923767067397995,0.00048795368049333595,0.0006790952044960631,0.014017846414657465,0.011369980570939964,0.05860521105942629,0.029983491043887023,0.0434656041170932,0.0019864116504023028
0.7574974798004652,0.5240588159902474,0.5191510412837849,0.23977950438667492,0.026540228479820658,0.3539368690273112,0.05577360842159016,0.0001674476463153821,0.6713532265564275,0.0002913026533057543,0.021732370005532336,3.0864810949719263e-5,2.9682258327640134e-5,0.003995247061043918,0.9931788821885843,0.0005401495602663543,0.00026955541885639693,0.21006997365027172,0.010985831962658782,0.010922677383012874,0.8470619315457448,0.0006316816651732875,0.17635803869678846,0.0027030337076492314,0.00010143892569201759,2.0771770299749643e-5,0.00560647790249332,0.7343652503332783,0.0001069766763756258,0.671737174912267,0.18939273325493067,0.000719234260589028,9.150673597987987e-5,0.001862136875747296,0.003996261462848872,0.017673533020589452,0.002498436719717091,0.0004961856948373268,0.30177090237557874,0.015107630624894642,0.506852585899784,0.005731643813299863,0.0006070483009753086,0.0006936728909842966,0.013734363533847369,0.01029545945345101,0.0529636376162959,0.02645982669852827,0.04309324719474153,0.0016829860805559164
0.7437935647780975,0.4847848799475575,0.4807747192454733,0.23693380920743307,0.03106865650013867,0.3802744158089104,0.06454249756689392,0.0001453072290017465,0.6673797746075832,0.0003407586314291945,0.025387422578700237,3.303105019674588e-5,2.5865210379491294e-5,0.003521022592726726,0.9934434281323968,0.0004717334246049271,0.0002802069837420885,0.23651397834518975,0.011257812280896952,0.01041167996499469,0.8674751709568214,0.0007045120528647719,0.21247338927390758,0.0030315408017212203,8.843371599865534e-5,1.6344771809727235e-5,0.005516735437995362,0.7382061612615375,9.368271056534622e-5,0.6762182668128996,0.21471806986688793,0.0007630556903588214,8.57416497376503e-5,0.0019627149058531112,0.0038949853998235134,0.019169276639937352,0.0022603652649290534,0.0004353630754241939,0.3042451721622907,0.013545694922624564,0.5378400580241722,0.0054249893171895705,0.000758119935914926,0.0007138404428207965,0.01350855279175206,0.009380518798884466,0.048002161639026986,0.023351965982314454,0.04298818624003804,0.0014260121634517694
0.7289972590297087,0.4422205702701959,0.43895985921556707,0.22879599918718557,0.036131998097305565,0.40382907870989715,0.07414269438345113,0.00012696518367774168,0.6609074304510485,0.00039684303222680393,0.029477751863131896,3.563824644388303e-5,2.268240967806254e-5,0.003103050288079452,0.993676433759756,0.00041233548078726477,0.0002905841308840441,0.26323379602208163,0.0116811318098832,0.009934152518823944,0.8842106182429171,0.0007942054185432738,0.25370003326085105,0.0034116471209545214,7.722759971688147e-5,1.3797462163455016e-5,0.005440848834254228,0.7412567778035157,8.255519172414529e-5,0.6791453728663678,0.2420941349630548,0.0008163431590494043,8.036239707947603e-5,0.0020485535338237047,0.0038102448054566206,0.020821809039510447,0.002060766606789308,0.0003822859892510846,0.3074185082413554,0.012144816374614517,0.5690647935649084,0.005165972026646286,0.0009497074833491769,0.0007398402951575687,0.013332950997637028,0.008606746308835525,0.043640456535666304,0.020610690643973948,0.0431472390785098,0.0012081692859119198
0.7132110371196885,0.3972990385147638,0.3946595441392531,0.21579427718273494,0.041729821524808114,0.424084949093224,0.0845060528175441,0.00011174252197403974,0.6522198997725004,0.00045994063847033356,0.03400704903872727,3.868918584623545e-5,2.0025836078287985e-5,0.0027347224115451918,0.9938808256671783,0.00036070291878699035,0.00029957956428136075,0.2888271719230636,0.012259343534806016,0.00948619468342502,0.8977024636731932,0.0009032733965739679,0.2997924687131881,0.0038500177678683378,6.756381382220355e-5,1.1741142195857316e-5,0.005377356757217805,0.743547045606043,7.324374722520881e-5,0.6805711303255082,0.27124788072360445,0.0008804490839047892,7.518591766526225e-5,0.002112736744123434,0.003739222660924245,0.02264061556346024,0.00189439491873185,0.0003359094976707845,0.31129777066099534,0.01088854306228739,0.5998894053613253,0.004947910412110211,0.001193067209557416,0.0007719614511693511,0.013200688488813797,0.007957519252870093,0.039805727578314395,0.01819344132504815,0.04356974710048401,0.0010236811172025509
